foodId,label,category,foodContentsLabel,image
6111266962187,Lait,"en:dairies, en:meals, en:milks-liquid-and-powder, en:milks, en:semi-skimmed-milks",Lait frais pasteurisé demi-écrémé à 15g/l de matière grasse,https://images.openfoodfacts.org/images/products/611/126/696/2187/front_fr.56.400.jpg
6111242101180,uht jaouda 1L,"en:dairies, en:milks-liquid-and-powder, en:milks, en:homogenized-milks, en:pasteurised-products, en:uht-milks, en:whole-milks, en:cow-milks, en:whole-milk-uht",Lait entier,https://images.openfoodfacts.org/images/products/611/124/210/1180/front_fr.79.400.jpg
6111242100817,Le Lait demi écrémé,"en:dairies, en:milks-liquid-and-powder, en:milks, en:homogenized-milks, en:pasteurised-products, en:semi-skimmed-milks, en:uht-milks, en:cow-milks","جودة حليب طبيعي نصف الدسم معقم يحتوي على 15 ال من المواد الدهنية المكونات حليب نصف الدسم حليب من مزرعة جودة حليب UHT جودة خالص لا يحتوي على مواد حافظة. يتم الإحتفاظ به 6 أشهر خارج الثلاجة لأنه : يخضع لمعالجة حرارية UHT (درجة حرارة جد مرتفعة) و التي تقضي على الكائنات المجهرية. يعبأ في علبة معقمة مكونة من 6 طبقات تحميه من كل تلوث خارجي. Le lait UHT Jaouda ne contient pas de conservateurs. Si le lait UHT se conserve à température ambiante pendagt 6 mois, c'est parce que: - 1l subit un traitement thermique UHT (Ultra Haute Température) qui détruit tous les micro-organismes. - Il est conditionné dans un emballage aseptique de ó couches le protégeant de toute contamination extérieure.",https://images.openfoodfacts.org/images/products/611/124/210/0817/front_en.36.400.jpg
8420756010320,kéfir nature b6 b12  699g,"en:beverages-and-beverages-preparations, en:beverages, en:dairies, en:fermented-foods, en:fermented-milk-products, en:milks-liquid-and-powder, en:dairy-drinks, en:fermented-drinks, en:milks, en:fermented-milk-drinks","حليب, حليب نصف منزوع الدسم, قشطة الحليب, تخمير الكفير, الخمائر اللبنية, فيتامين B6, فيتامين B12",https://images.openfoodfacts.org/images/products/842/075/601/0320/front_fr.27.400.jpg
6111032000600,Salim,"en:dairies, en:milks-liquid-and-powder, en:milks",gluten free,https://images.openfoodfacts.org/images/products/611/103/200/0600/front_en.51.400.jpg
6111242101050,LBEN CARTON PASTEURISER,"en:beverages-and-beverages-preparations, en:beverages, en:dairies, en:fermented-foods, en:fermented-milk-products, en:milks-liquid-and-powder, en:dairy-drinks, en:fermented-drinks, en:milks, en:fermented-milk-drinks, en:plain-fermented-skimmed-milk-drink","Lait frais partiellement écrémé, ferments lactiques.matière grasse 14g/L",https://images.openfoodfacts.org/images/products/611/124/210/1050/front_fr.39.400.jpg
6111250470742,Lait U.H.T entier,"en:dairies, en:milks, en:homogenized-milks, en:uht-milks, en:whole-milks, en:cow-milks",lait,https://images.openfoodfacts.org/images/products/611/125/047/0742/front_fr.29.400.jpg
6111126003821,Lait Frais 15 jours,"en:dairies, en:milks-liquid-and-powder, en:milks, en:pasteurised-products, en:fresh-milks, en:pasteurised-milks, en:cow-milks",lait entier pasteurisé,https://images.openfoodfacts.org/images/products/611/112/600/3821/front_fr.20.400.jpg
6111242103528,Croissance réduit en sucre,"en:dairies, en:milks-liquid-and-powder, en:baby-foods, en:milks, en:baby-milks, en:growth-milks","Lait partiellement écrémé, lactose, huiles végétales non hydrogénées (colza, tournesol), malto-dextrines, saccharose, lécithine de tournesol, arôme vanille, vitamines : A, B1, B2, B5, B6, B8, B9, B12, C, D3, E, K1, PP, taurine, sels minéraux: citrate de calcium, citrate de magnésium, sulfates de fer, de cuivre, de zinc et de manganèse, iodure de potassium, sélénite de sodium.",https://images.openfoodfacts.org/images/products/611/124/210/3528/front_fr.76.400.jpg
6111032000631,Salim,"en:dairies, en:milks-liquid-and-powder, en:milks",حليب كامل الدسم,https://images.openfoodfacts.org/images/products/611/103/200/0631/front_ar.19.400.jpg
6111266962651,lait,"en:dairies, en:milks-liquid-and-powder, en:milks, en:semi-skimmed-milks",lait demi-écrémé,https://images.openfoodfacts.org/images/products/611/126/696/2651/front_fr.14.400.jpg
6111250012416,Le bon lait,"en:dairies, en:milks, fr:maroc",lait,https://images.openfoodfacts.org/images/products/611/125/001/2416/front_fr.22.400.jpg
3248340054063,Lait demi écrémé,"en:dairies, en:milks-liquid-and-powder, en:milks, en:homogenized-milks, en:pasteurised-products, en:semi-skimmed-milks, en:uht-milks",lait demi-écrémé stérilisé UHT,https://images.openfoodfacts.org/images/products/324/834/005/4063/front_fr.193.400.jpg
6111242105638,Lait sans lactose,"en:dairies, en:milks, en:homogenized-milks, en:uht-milks, en:lactose-free-milk","Lait entier sans lactose, vitamines: A, D,",https://images.openfoodfacts.org/images/products/611/124/210/5638/front_fr.24.400.jpg
6111242101203,Linea,"en:dairies, en:milks, en:homogenized-milks, en:uht-milks, en:skimmed-milks, en:uht-skimmed-milks","Le lait naturel UHT LINEA est garanti sans acides gras, ni cholestérol, Il continue à vous apporter les bienfaits des protéines, calcium et phosphore du lait.",https://images.openfoodfacts.org/images/products/611/124/210/1203/front_fr.71.400.jpg
6111032000624,Lait naturel,"en:dairies, en:milks, en:homogenized-milks, en:uht-milks, en:whole-milks, en:whole-milk-uht",lait entier uht,https://images.openfoodfacts.org/images/products/611/103/200/0624/front_fr.23.400.jpg
6111242107441,lait sans lactose,"en:dairies, en:milks-liquid-and-powder, en:specific-products, en:milks, en:products-for-specific-diets, en:homogenized-milks, en:pasteurised-products, en:products-without-gluten, en:uht-milks, en:lactose-free-milk","Lactose-free Milk , Vitamins: A , D.",https://images.openfoodfacts.org/images/products/611/124/210/7441/front_en.35.400.jpg
6111265800497,Albane Lait Entier UHT 1L,"en:dairies, en:milks-liquid-and-powder, en:milks",Lait UHT Entier 30g/l de matière grasse.,https://images.openfoodfacts.org/images/products/611/126/580/0497/front_fr.24.400.jpg
6111032009870,Raibi jamila,"en:beverages-and-beverages-preparations, en:beverages, en:dairies, en:dairy-drinks, en:milks, en:flavoured-milks","lait, sucre, poudre de lait, beurre, gras, édulcorants",https://images.openfoodfacts.org/images/products/611/103/200/9870/front_en.7.400.jpg
6111032009924,SALIM LBEN 440G,"en:dairies, en:milks-liquid-and-powder, en:milks, ar:salim","Lait partiellement écrémé, Lait reconstitué, Lactose, amidon, ferments lactiques",https://images.openfoodfacts.org/images/products/611/103/200/9924/front_fr.6.400.jpg
6111126005580,Chergui Lait,"en:dairies, en:fermented-foods, en:fermented-milk-products, en:desserts, en:dairy-desserts, en:milks-liquid-and-powder, en:fermented-dairy-desserts, en:milks, fr:boissons-au-lait",Lait frais pasteurisé demi écrémé,https://images.openfoodfacts.org/images/products/611/112/600/5580/front_fr.38.400.jpg
3270190025337,Lait demi-écrémé Stérilisé UHT,"en:dairies, en:milks-liquid-and-powder, en:milks, en:homogenized-milks, en:pasteurised-products, en:semi-skimmed-milks, en:uht-milks, en:organic-semi-skimmed-milks",_Lait_ demi-écrémé,https://images.openfoodfacts.org/images/products/327/019/002/5337/front_fr.201.400.jpg
3176571983008,Viva lait 1/2 écrémé,"en:dairies, en:milks-liquid-and-powder, en:milks, en:homogenized-milks, en:pasteurised-products, en:semi-skimmed-milks, en:uht-milks, en:uht-milk-fortified-with-vitamins, en:semi-skimmed-uht-milk-fortified-with-vitamins","Lait à 1% de matières grasses 98%, lactase, vitamines A, B1, B2, B5, B6, B8, B9, B12, E, PP et D,",https://images.openfoodfacts.org/images/products/317/657/198/3008/front_fr.112.400.jpg
3428273980046,Lait 100 % français Matin Léger® Demi-Écrémé,"en:dairies, en:milks-liquid-and-powder, en:milks, en:homogenized-milks, en:pasteurised-products, en:semi-skimmed-milks, en:uht-milks, en:uht-milk-fortified-with-vitamins, en:cow-milks, en:lactose-free-milk, en:semi-skimmed-uht-milk-fortified-with-vitamins","milk at 1,2% m,g, sterilized uht lactose-free (,lt,0,19/100 ml) and fortified with vitamin d, ingredian ts:milk 1,2% fat (origin france), lactase, vitamin d, lalouroti nutri nnlla",https://images.openfoodfacts.org/images/products/342/827/398/0046/front_en.150.400.jpg
6111266962774,Leben,"en:dairies, en:fermented-foods, en:fermented-milk-products, en:desserts, en:dairy-desserts, en:milks-liquid-and-powder, en:fermented-dairy-desserts, en:milks, en:yogurts","Lait frais partiellement écrémé, ferments lactiques sélectionnés dont Bifidobacterium.",https://images.openfoodfacts.org/images/products/611/126/696/2774/front_fr.37.400.jpg
6111243590433,Lait,"en:dairies, en:milks",lait,https://images.openfoodfacts.org/images/products/611/124/359/0433/front_fr.15.400.jpg
3564700005552,Lait demi-écrémé,"en:dairies, en:milks-liquid-and-powder, en:milks, en:homogenized-milks, en:pasteurised-products, en:semi-skimmed-milks, en:uht-milks, en:semi-skimmed-milk-uht",LAIT DEMI-ÉCRÉMÉ STÉRILISÉ,https://images.openfoodfacts.org/images/products/356/470/000/5552/front_en.162.400.jpg
6111250474276,Lait UHT Entier,"en:dairies, en:milks-liquid-and-powder, en:milks, en:homogenized-milks, en:pasteurised-products, en:uht-milks, en:whole-milks",lait,https://images.openfoodfacts.org/images/products/611/125/047/4276/front_en.26.400.jpg
3428272950057,Lait Bio Demi-Écrémé sans lactose,"en:dairies, en:milks-liquid-and-powder, en:milks, en:homogenized-milks, en:pasteurised-products, en:semi-skimmed-milks, en:uht-milks, en:organic-semi-skimmed-milks, en:semi-skimmed-milk-uht",lait demi écrémé stérilisé uht,https://images.openfoodfacts.org/images/products/342/827/295/0057/front_en.171.400.jpg
6111126005719,Sport,"en:dairies, en:fermented-foods, en:fermented-milk-products, en:desserts, en:dairy-desserts, en:milks-liquid-and-powder, en:fermented-dairy-desserts, en:milks, en:yogurts, en:dietary-supplements, en:bodybuilding-supplements, en:flavoured-fermented-dairy-desserts, en:flavoured-yogurts, en:protein-shakes","حليب, دسم, بروتين حليبي, بروتين لاكتوسيروم, نشا, قمح, سكر, نكهة الموز, محلي, سيكلامات, أسبرتام, أسيزولفام, خمائر حليبية",https://images.openfoodfacts.org/images/products/611/112/600/5719/front_fr.3.400.jpg
3564707000246,lait demi-écrémé,"en:dairies, en:milks, en:homogenized-milks, en:semi-skimmed-milks, en:uht-milks, en:cow-milks, en:organic-semi-skimmed-milks",Lait demi-écrémé stérilisé UHT issu de l'agriculture biologique.,https://images.openfoodfacts.org/images/products/356/470/700/0246/front_fr.132.400.jpg
3250390204930,Lait uht 1/2 ecreme bio bt 1l,"en:dairies, en:milks-liquid-and-powder, en:milks, en:homogenized-milks, en:pasteurised-products, en:semi-skimmed-milks, en:uht-milks, fr:autres-produits",Lait issu de l'agriculture biologique,https://images.openfoodfacts.org/images/products/325/039/020/4930/front_fr.137.400.jpg
3252210390014,Lait vit d,"en:dairies, en:milks-liquid-and-powder, en:milks, en:homogenized-milks, en:pasteurised-products, en:semi-skimmed-milks, en:uht-milks, en:uht-milk-fortified-with-vitamins, en:semi-skimmed-milk-uht, en:semi-skimmed-uht-milk-fortified-with-vitamins","_Lait_ demi-écrémé, vitamine D",https://images.openfoodfacts.org/images/products/325/221/039/0014/front_en.206.400.jpg
6111126001582,Lait fermenté,"en:beverages, en:dairies, en:fermented-foods, en:fermented-milk-products, en:dairy-drinks, en:milks, en:fermented-drinks, en:fermented-milk-drinks, en:plain-whole-fermented-milk-drink","Lait demi écrémé, ferments lactiques",https://images.openfoodfacts.org/images/products/611/112/600/1582/front_fr.35.400.jpg
6130760003349,جبن طازج,"en:dairies, en:fermented-foods, en:fermented-milk-products, en:spreads, en:milks-liquid-and-powder, en:milks, ar:مشتقات-الحليب","حليب معاد تكوينه منزوع الدسم، قشدة طازجة،خمائر لبنية ، روبة. مادة دسمة 4 الى 5 %. يحفظ بين 2 و 5 م جين طازج SOUMMM طبیعی Fromage راز Frais nation الطاقة كيلوجول 856,901 كيلو حريرة الدهون متها الاحماض الدهنية المشبعة 3,06 (غ) والفلوسيدات نسبة القيمة الغذلة و المتوسطة منها 85,30 (2) 4,50 3,70 (غ)) ()) 3,70 ()) 7,50 منها السكر البروتينات الملح الكالسيوم الوزن الصافي : 90غ (2) 0,10 112 وسلم) 22/10 يستملك مبل DLC 6 &quot;130760&quot; 003349",https://images.openfoodfacts.org/images/products/613/076/000/3349/front_en.87.400.jpg
6111246950876,uht jibal 1/2L,"en:dairies, en:milks-liquid-and-powder, en:milks, en:homogenized-milks, en:pasteurised-products, en:pasteurised-milks, en:whole-milks, en:cow-milks, en:whole-pasteurised-milks",Lait entier,https://images.openfoodfacts.org/images/products/611/124/695/0876/front_fr.22.400.jpg
0811620022118,CHOCOLATE NUTRITION SHAKE,"en:beverages-and-beverages-preparations, en:beverages, en:dairies, en:milks-liquid-and-powder, en:dairy-drinks, en:milks, en:flavoured-milks, en:chocolate-milks, en:dietary-supplements, en:bodybuilding-supplements, en:protein-shakes, en:protein","filtered lowfat grade A milk, alkalized cocoa, natural flavors, cellulose gel, cellulose gum, salt, carrageenan, lactase enzyme, monk fruit juice concentrate, acesulfame potassium",https://images.openfoodfacts.org/images/products/081/162/002/2118/front_en.2402.400.jpg
3043933232701,lait demi écrémé,"en:beverages-and-beverages-preparations, en:beverages, en:dairies, en:milks-liquid-and-powder, en:dried-products, en:milks, en:dried-products-to-be-rehydrated, en:semi-skimmed-milks, en:dehydrated-beverages, en:milk-powders, en:semi-skimmed-milk-powder","lait en poudre demi-écrémé, émulsifiant : Lécithine de soja,  anti-oxydant : acide ascorbique,",https://images.openfoodfacts.org/images/products/304/393/323/2701/front_fr.95.400.jpg
6111242102194,Ghani,"en:dairies, en:fermented-foods, en:fermented-milk-products, en:desserts, en:dairy-desserts, en:milks-liquid-and-powder, en:fermented-dairy-desserts, en:milks, en:homogenized-milks, en:pasteurised-products, en:yogurts, en:uht-milks","lait frais, poudre de lait écrémé, sucre, carraghénanes, arômes, colorant. Matières grasses : 1,6%",https://images.openfoodfacts.org/images/products/611/124/210/2194/front_fr.24.400.jpg
6130760003769,L'ben,"en:beverages-and-beverages-preparations, en:beverages, en:dairies, en:fermented-foods, en:fermented-milk-products, en:milks-liquid-and-powder, en:dairy-drinks, en:fermented-drinks, en:milks, en:fermented-milk-drinks, fr:lben","Lait partiellement écrémé, ferments lactiques et BB-12&quot; Bifidobacterium. Taux de matière grasse: 1.2 à 2%",https://images.openfoodfacts.org/images/products/613/076/000/3769/front_fr.132.400.jpg
6130433000019,حليب كونديا 1 لتر,"en:dairies, en:milks, en:homogenized-milks, en:semi-skimmed-milks, en:uht-milks, en:skimmed-milks, fr:lait-candia","Eau, poudres de lait (entier et écrémé).",https://images.openfoodfacts.org/images/products/613/043/300/0019/front_en.46.400.jpg
3250390010012,Lait demi-ecrémé,"en:dairies, en:milks-liquid-and-powder, en:milks, en:homogenized-milks, en:pasteurised-products, en:semi-skimmed-milks, en:uht-milks",_Lait_,https://images.openfoodfacts.org/images/products/325/039/001/0012/front_fr.68.400.jpg
3218930156002,Le Lait Ribot,"en:beverages-and-beverages-preparations, en:beverages, en:dairies, en:fermented-foods, en:fermented-milk-products, en:desserts, en:dairy-desserts, en:milks-liquid-and-powder, en:dairy-drinks, en:milks, en:fermented-drinks, en:fermented-milk-drinks, en:buttermilks, en:cow-milks, en:plain-whole-fermented-milk-drink","Lait partiellement écrémé pasteurisé, ferments lactiques (lait).",https://images.openfoodfacts.org/images/products/321/893/015/6002/front_fr.72.400.jpg
3256224234555,Lait Demi-écrémé stérilisé UHT,"en:dairies, en:milks, en:homogenized-milks, en:semi-skimmed-milks, en:uht-milks, en:organic-semi-skimmed-milks",Lait demi-écrémé stérilisé UHT issu de l'agriculture biologique.,https://images.openfoodfacts.org/images/products/325/622/423/4555/front_fr.80.400.jpg
3564700005835,Lait demi-écrémé,"en:dairies, en:milks, en:homogenized-milks, en:semi-skimmed-milks, en:uht-milks",Lait demi-écrémé stérilisé UHT.,https://images.openfoodfacts.org/images/products/356/470/000/5835/front_fr.118.400.jpg
6111242101197,Lait Demi écrème Uht Jaouda,"en:dairies, en:milks-liquid-and-powder, en:milks, en:homogenized-milks, en:pasteurised-products, en:semi-skimmed-milks, en:uht-milks, en:semi-skimmed-milk-uht",UHT lait,https://images.openfoodfacts.org/images/products/611/124/210/1197/front_en.43.400.jpg
6111242105270,Ghilal,"en:dairies, en:fermented-foods, en:fermented-milk-products, en:desserts, en:dairy-desserts, en:fermented-dairy-desserts, en:milks, en:yogurts, fr:raib, fr:raibi","Lait frais partiellement écrémé, sucre, préparation de fraise, texturant: amidon, correcteur d'acidité: acide citrique, arôme, ferments lactiques sélectionnés, colorant naturel.",https://images.openfoodfacts.org/images/products/611/124/210/5270/front_fr.28.400.jpg
3428272110017,Lait Matin léger BiO,"en:dairies, en:milks-liquid-and-powder, en:milks, en:homogenized-milks, en:pasteurised-products, en:semi-skimmed-milks, en:uht-milks, en:low-lactose-milk, en:semi-skimmed-milk-uht, en:semi-skimmed-milk-with-reduced-lactose","Lait, lactase",https://images.openfoodfacts.org/images/products/342/827/211/0017/front_fr.59.400.jpg
20339906,Lait demi-ecrémé,"en:dairies, en:milks, en:homogenized-milks, en:semi-skimmed-milks, en:uht-milks, en:organic-semi-skimmed-milks",Lait demi-écrémé stérilisé UHT issu de l'agriculture biologique.,https://images.openfoodfacts.org/images/products/000/002/033/9906/front_en.120.400.jpg
6111242105287,Ghilal Panaché,"en:dairies, en:fermented-foods, en:fermented-milk-products, en:desserts, en:dairy-desserts, en:fermented-dairy-desserts, en:milks, en:yogurts, en:stirred-yogurts","القيمة الغذاء 100 Valeurs nutemelles pour 100g kcal 68 ككال Valeurs énergétiques القيمة الحرارية البروتينات الكاربوهيدرات الدهنيات الكالسيوم الفوسفور Protéines Carbohydrates Lipides Calcium Phosphore 4 1,4 8 14,0 g 8 ع 4 0,7 mg 57 ملغ mg 38 ملغ",https://images.openfoodfacts.org/images/products/611/124/210/5287/front_ar.32.400.jpg
6111242100220,Lait Entier UHT,"en:dairies, en:milks-liquid-and-powder, en:milks, en:homogenized-milks, en:pasteurised-products, en:uht-milks, en:whole-milks, en:whole-milk-uht",lait entier,https://images.openfoodfacts.org/images/products/611/124/210/0220/front_fr.4.400.jpg
6111126003333,Raibi grenadine,"en:beverages-and-beverages-preparations, en:beverages, en:dairies, en:fermented-foods, en:fermented-milk-products, en:milks-liquid-and-powder, en:dairy-drinks, en:fermented-drinks, en:milks, en:fermented-milk-drinks, en:fermented-milk-drinks-with-fruits",حليب بدون قشدة. مسحوق الحليب بدون قشده. سكر. نشا. نكهة خمائر حليبية,https://images.openfoodfacts.org/images/products/611/112/600/3333/front_en.23.400.jpg
6111126001568,Lben,"en:dairies, en:fermented-foods, en:fermented-milk-products, en:milks","Lait demi écrémé, ferments lactiques.",https://images.openfoodfacts.org/images/products/611/112/600/1568/front_fr.16.400.jpg
3250393310584,Merci,"en:dairies, en:milks-liquid-and-powder, en:milks, en:homogenized-milks, en:pasteurised-products, en:semi-skimmed-milks, en:uht-milks, fr:autres-produits",lait,https://images.openfoodfacts.org/images/products/325/039/331/0584/front_fr.45.400.jpg
3428272040055,Matin léger sans lactose 0% MG,"en:dairies, en:milks-liquid-and-powder, en:milks, en:homogenized-milks, en:pasteurised-products, en:uht-milks, en:skimmed-milks, en:cow-milks, en:lactose-free-milk, en:low-lactose-milk, en:uht-skimmed-milks","skimmed milk (france origin), lactase, vitamin d,",https://images.openfoodfacts.org/images/products/342/827/204/0055/front_en.146.400.jpg
6111246952627,Jibal,"en:dairies, en:milks",Lait,https://images.openfoodfacts.org/images/products/611/124/695/2627/front_fr.11.400.jpg
6111032009887,Jamila Maxi,"en:dairies, en:milks-liquid-and-powder, en:milks","حليب بدون قشدة سكر, مسحوق الحليب بدون قشدة قشدة, زيت نباتي, مستحلب, نكهة طبيعية, ملون طبيعي, كارمين, خثارة عصير الليمون",https://images.openfoodfacts.org/images/products/611/103/200/9887/front_fr.13.400.jpg
5411188130031,High Protein Soja Drink,"en:beverages-and-beverages-preparations, en:plant-based-foods-and-beverages, en:beverages, en:dairies, en:plant-based-foods, en:legumes-and-their-products, en:dairy-substitutes, en:milk-substitutes, en:milks-liquid-and-powder, en:plant-based-beverages, en:milks, en:plant-based-milk-alternatives, en:legume-based-drinks, en:soy-based-drinks, en:lactose-free-milk, en:getranke, en:hulsenfruchte-und-hulsenfruchtprodukte, en:hulsenfruchtmilch, en:pflanzliche-getranke, en:pflanzliche-lebensmittel-und-getranke, en:protein-drinks, en:tiefkuhlprodukte","Sojabasis (96,9%) (Wasser, geschälte Sojabohnen (13,1%)), Zucker, Säureregulatoren (Kaliumphosphate), Calcium (Calciumcarbonat), Aroma, Meersalz, Stabilisator (Gellan), Vitamine B2, B12, D2.",https://images.openfoodfacts.org/images/products/541/118/813/0031/front_en.153.400.jpg
7613037792935,Nan optipro,"en:beverages-and-beverages-preparations, en:beverages, en:dairies, en:dried-products, en:milks, en:dried-products-to-be-rehydrated, en:dehydrated-beverages, en:milk-powders",,https://images.openfoodfacts.org/images/products/761/303/779/2935/front_fr.3.400.jpg
6111242103979,حليب,"en:dairies, en:milks-liquid-and-powder, en:milks",,https://images.openfoodfacts.org/images/products/611/124/210/3979/front_ar.9.400.jpg
3250391815265,Lait uht entier bio bt 1l,"en:dairies, en:milks-liquid-and-powder, en:milks, en:homogenized-milks, en:pasteurised-products, en:uht-milks, en:whole-milks, en:whole-milk-uht",Non concerné,https://images.openfoodfacts.org/images/products/325/039/181/5265/front_fr.29.400.jpg
3250390012030,Lait uht 1/2 ecreme bt 1l,"en:dairies, en:milks-liquid-and-powder, en:milks, en:homogenized-milks, en:pasteurised-products, en:semi-skimmed-milks, en:uht-milks, en:semi-skimmed-milk-uht, fr:autres-produits",Lait,https://images.openfoodfacts.org/images/products/325/039/001/2030/front_fr.71.400.jpg
6111265800503,Albane,"en:dairies, en:milks-liquid-and-powder, en:milks",,https://images.openfoodfacts.org/images/products/611/126/580/0503/front_fr.3.400.jpg
3428271980031,Lait Bio Demi-Écrémé,"en:dairies, en:milks-liquid-and-powder, en:milks, en:homogenized-milks, en:pasteurised-products, en:semi-skimmed-milks, en:uht-milks, en:cow-milks, en:organic-semi-skimmed-milks","Lait demi-écrémé stérilisé UHT, issu de l'agriculture biologique, origine France.",https://images.openfoodfacts.org/images/products/342/827/198/0031/front_fr.80.400.jpg
3256224234463,Lait demi écrémé UHT,"en:dairies, en:milks-liquid-and-powder, en:milks, en:homogenized-milks, en:pasteurised-products, en:semi-skimmed-milks, en:uht-milks",Lait stérilisé UHT demi-écrémé.,https://images.openfoodfacts.org/images/products/325/622/423/4463/front_fr.79.400.jpg
3533631572006,GrandLait - Demi-écrémé,"en:dairies, en:milks-liquid-and-powder, en:milks, en:homogenized-milks, en:pasteurised-products, en:semi-skimmed-milks, en:uht-milks",lait demi-écrémé stérilisé U.H.T.,https://images.openfoodfacts.org/images/products/353/363/157/2006/front_fr.130.400.jpg
6111266961333,حليب,"en:dairies, en:milks-liquid-and-powder, en:milks",,https://images.openfoodfacts.org/images/products/611/126/696/1333/front_fr.3.400.jpg
6194043001019,Lait demi-écrémé UHT,"en:dairies, en:milks, en:homogenized-milks, en:semi-skimmed-milks, en:uht-milks, en:semi-skimmed-milk-uht","lait, E339",https://images.openfoodfacts.org/images/products/619/404/300/1019/front_fr.22.400.jpg
6111246950203,Raibi,"en:dairies, en:milks","Lait écrémé, lait entier, sucre, lait en poudre, amidon modifié, lactosérum en poudre, arôme de grenade, levures lactiques, teneur en matières grasses 0,5 %, produit sur une ligne pouvant contenir des traces de gluten et de crustacés.",https://images.openfoodfacts.org/images/products/611/124/695/0203/front_fr.14.400.jpg
6111266961371,Le nature,"en:dairies, en:fermented-foods, en:fermented-milk-products, en:desserts, en:dairy-desserts, en:milks-liquid-and-powder, en:fermented-dairy-desserts, en:milks, en:yogurts, en:plain-fermented-dairy-desserts, en:plain-yogurts","lait frais entier, ferments lactiques",https://images.openfoodfacts.org/images/products/611/126/696/1371/front_fr.23.400.jpg
3043932232702,Lait entier en poudre,"en:beverages-and-beverages-preparations, en:beverages, en:dairies, en:milks-liquid-and-powder, en:dried-products, en:milks, en:dried-products-to-be-rehydrated, en:dehydrated-beverages, en:whole-milks, en:milk-powders, en:whole-milk-powder","Lait en poudre entier, lécithine de soja, acide ascorbique",https://images.openfoodfacts.org/images/products/304/393/223/2702/front_fr.25.400.jpg
3176575414003,LAIT FERMENTE YORIK NATURE,"en:dairies, en:fermented-foods, en:fermented-milk-products, en:desserts, en:dairy-desserts, en:milks-liquid-and-powder, en:fermented-dairy-desserts, en:milks, en:plain-fermented-dairy-desserts, en:plain-fermented-dairy-desserts-with-cream","_Lait_ partiellement écrémé, ferments lactiques (_lait_)",https://images.openfoodfacts.org/images/products/317/657/541/4003/front_fr.64.400.jpg
3428273000034,Matin léger,"en:dairies, en:milks-liquid-and-powder, en:milks, en:homogenized-milks, en:pasteurised-products, en:uht-milks, en:lactose-free-milk, en:low-lactose-milk","_Lait_ à 1,2 % de matière grasse, lactase, vitamine D.",https://images.openfoodfacts.org/images/products/342/827/300/0034/front_fr.47.400.jpg
20681944,Lait Entier,"en:beverages-and-beverages-preparations, en:beverages, en:dairies, en:milks-liquid-and-powder, en:milks, en:homogenized-milks, en:pasteurised-products, en:uht-milks, en:unsweetened-beverages, en:whole-milks, en:whole-milk-uht",Lait entier (Origine: France).,https://images.openfoodfacts.org/images/products/000/002/068/1944/front_fr.75.400.jpg
20681968,Lait demi ecreme,"en:dairies, en:milks-liquid-and-powder, en:milks, en:homogenized-milks, en:pasteurised-products, en:semi-skimmed-milks, en:uht-milks, en:semi-skimmed-milk-uht","Lait demi-écrémé (Origine : France) stérilisé UHT, issu de vaches nourries sans OGM (&lt;0,9%)",https://images.openfoodfacts.org/images/products/000/002/068/1968/front_fr.69.400.jpg
6111242100800,Zahra Bayane,"en:dairies, en:milks-liquid-and-powder, en:milks, en:skimmed-milks",skimmed milk,https://images.openfoodfacts.org/images/products/611/124/210/0800/front_fr.4.400.jpg
6130760003189,Soumam Fat Partly Removed,"en:dairies, en:milks","Eau, poudre de lait entier, poudre de lait écrémé.",https://images.openfoodfacts.org/images/products/613/076/000/3189/front_en.25.400.jpg
3250392858865,Lait 1/2 ecreme uht bio bq 1l merci!,"en:dairies, en:milks-liquid-and-powder, en:milks, en:homogenized-milks, en:pasteurised-products, en:semi-skimmed-milks, en:uht-milks, fr:autres-produits, fr:lait-uht-demi-ecreme",Lait,https://images.openfoodfacts.org/images/products/325/039/285/8865/front_fr.72.400.jpg
5000436589457,SEMI SKIMMED MILK,"en:dairies, en:milks-liquid-and-powder, en:milks, en:semi-skimmed-milks",Pasteurised homogenised semi-skimmed milk.,https://images.openfoodfacts.org/images/products/500/043/658/9457/front_en.94.400.jpg
8410297012150,Leche Semi desnatada,"en:dairies, en:milks-liquid-and-powder, en:milks, en:homogenized-milks, en:pasteurised-products, en:semi-skimmed-milks, en:uht-milks, en:cow-milks",_Leche_ semidesnatada,https://images.openfoodfacts.org/images/products/841/029/701/2150/front_en.78.400.jpg
8901262200196,Amul Masti Spiced Buttermilk 200ml,"en:beverages, en:dairies, en:fermented-foods, en:fermented-milk-products, en:milks, en:buttermilks","Milk solids, water, iodised salt, spices & condiments (1%), stabilizer [460(i)]. Allergen Information: Contains milk.",https://images.openfoodfacts.org/images/products/890/126/220/0196/front_en.54.400.jpg
3428271240012,Lactel Vitavie,"en:dairies, en:milks-liquid-and-powder, en:milks, en:homogenized-milks, en:pasteurised-products, en:uht-milks, fr:lait-sterilise-uht-a-1-de-matiere-grasse","lait a 1% de matière grasse (origine France) lactase, vitamine B3,E,B5,B6,B1,A,B2,B9,K,B8,D,B12",https://images.openfoodfacts.org/images/products/342/827/124/0012/front_en.26.400.jpg
6111246950234,Lben jibal450,"en:beverages-and-beverages-preparations, en:beverages, en:dairies, en:fermented-foods, en:fermented-milk-products, en:milks-liquid-and-powder, en:dairy-drinks, en:fermented-drinks, en:milks, en:fermented-milk-drinks","Lait partiellement écrémé, amidon modifié, ferment lactique",https://images.openfoodfacts.org/images/products/611/124/695/0234/front_fr.4.400.jpg
3564700597583,Lait Facile à Digérer,"en:dairies, en:milks-liquid-and-powder, en:milks, en:homogenized-milks, en:pasteurised-products, en:semi-skimmed-milks, en:uht-milks, en:lactose-free-milk, en:low-lactose-milk, en:semi-skimmed-milk-with-reduced-lactose","Lait demi-écrémé, lactase.",https://images.openfoodfacts.org/images/products/356/470/059/7583/front_fr.51.400.jpg
6194043001668,Lait demi écrémé UHT,"en:dairies, en:milks, en:homogenized-milks, en:semi-skimmed-milks, en:uht-milks, en:semi-skimmed-milk-uht",Ce lait est produit selon le procédé UHT. Il peut se conserver à une température ambiante. Tenir au frais et au sec,https://images.openfoodfacts.org/images/products/619/404/300/1668/front_fr.58.400.jpg
8480000106780,Leche Desnatada Proteínas y Calcio,"en:dairies, en:milks-liquid-and-powder, en:milks, en:lactose-free-milk","Leche desnatada, concentrado de proteínas lácteas, de calcio, enzima (lactasa), estabilizante (fosfato disódico), vitamina D.",https://images.openfoodfacts.org/images/products/848/000/010/6780/front_es.166.400.jpg
6111266070998,Barraani,"en:dairies, en:milks-liquid-and-powder, en:milks, fr:hamzafaleh","abricots, sucre, amidon, édulcorant, acésulfame, aspartame, stabilisants, sorbate de potassium, colorants, arôme d'abricot",https://images.openfoodfacts.org/images/products/611/126/607/0998/front_en.3.400.jpg
3533636760002,"Le Lait sans Lactose Léger, doux & digeste","en:dairies, en:milks-liquid-and-powder, en:milks, en:lactose-free-milk","Lait a 1% de matieres grasses, lactase",https://images.openfoodfacts.org/images/products/353/363/676/0002/front_en.34.400.jpg
